timestamps,open,high,low,close,volume
2022-01-03,449.31432242601716,450.7765215542985,447.0031490248722,450.6444396972656,72668200
2022-01-04,452.0689260726104,452.7858761115812,448.6351430318022,450.4935302734375,71178700
2022-01-05,450.1255683158479,450.8991165177179,441.7486775164381,441.843017578125,104538900
2022-01-06,441.380853389721,444.1448419921144,439.0602084439973,441.4280090332031,86858900
2022-01-07,441.43740286255314,442.6165817047028,438.32435344615055,439.6827697753906,85111600
2022-01-10,436.48488919074714,439.3526316532516,430.7304901894249,439.13568115234375,119362000
2022-01-11,438.8715364116939,443.2297770827889,435.8716833675285,443.13543701171875,74303100
2022-01-12,444.87111695426967,446.38991413737506,442.3712637898562,444.3334045410156,67605400
2022-01-13,445.43722446899045,446.0881335750446,437.1829715327748,438.2112121582031,91173100
2022-01-14,435.0604719206195,438.7395048053525,433.843551078094,438.3904724121094,95890900
2022-01-18,433.6925435130348,433.9000801446297,429.51354052849086,430.6266784667969,109709100
2022-01-19,432.17371457156287,433.5698437267285,425.8816043657633,426.1551818847656,109357600
2022-01-20,428.04193941787696,432.749212360242,419.3160155840139,421.43853759765625,122379700
2022-01-21,420.3159019813411,422.6742594656553,413.13707561758935,413.1653747558594,202271200
2022-01-24,407.5525363125253,415.4294573025682,396.9210694706066,414.9200439453125,251783900
2022-01-25,408.52413091783615,414.8067989622443,402.9489701470522,409.854248046875,167997300
2022-01-26,415.7501538816743,418.8820597450549,404.5620902381432,408.8260192871094,186391100
2022-01-27,413.42959969479165,416.57091988117384,405.1187484129023,406.80731201171875,149878300
2022-01-28,408.1657129140467,416.95767810367454,403.5810789597359,416.9105224609375,164457400
2022-01-31,416.2406973417306,424.76852696731544,414.89172362734763,424.41949462890625,152251400
2022-02-01,425.14585473478627,427.9287283515847,421.6177608084225,427.2872619628906,123155400
2022-02-02,429.6927673307446,432.16432156191325,427.3815652994968,431.4379577636719,117361000
2022-02-03,425.40063739567904,427.3061803398797,420.4574993371218,421.2970886230469,118024400
2022-02-04,421.06124440475634,427.1269342906215,418.6840011085922,423.2781066894531,118454400
2022-02-07,424.04216920738406,425.43829858096694,420.58952998140325,421.9196472167969,84472900
2022-02-08,421.4197378367775,426.31569157716,419.99528032572806,425.3912048339844,81012000
2022-02-09,429.4286550758493,431.93795122288446,429.23056108197864,431.6172180175781,92589900
2022-02-10,425.7685189857641,431.7776105996194,421.86309308439786,423.86297607421875,140103700
2022-02-11,423.947877125735,426.0232149227556,414.0710725267029,415.50494384765625,153214600
2022-02-14,414.995546790282,416.58035643251037,410.67501887953995,414.1465148925781,123006300
2022-02-15,418.5896597934599,420.99517327307245,418.0708037959125,420.82537841796875,88482700
2022-02-16,418.7783495538221,422.6743616661116,416.90110575473415,421.2970886230469,84863600
2022-02-17,418.10854352626,421.2687487717077,411.693821753136,412.29754638671875,102259100
2022-02-18,412.5522705879942,413.8069331704449,407.3544691120626,409.6279296875,132642900
2022-02-22,407.4204966635997,410.8259516984403,401.7321096953835,405.23193359375,124391800
2022-02-23,408.14680557704895,408.71281716213616,397.47759803405336,398.0436096191406,132578000
2022-02-24,387.732876144503,404.46780255410187,387.3744299437548,404.0338439941406,213942900
2022-02-25,405.2696289017005,413.0333532377554,403.6187784215898,412.9484558105469,121804500
2022-02-28,407.5525226744369,413.37296233027865,406.29788900505855,411.89190673828125,145615000
2022-03-01,410.3919967190823,412.4013221597528,402.9112639395008,405.6186828613281,137785900
2022-03-02,407.8732634005898,414.8068411449072,407.1186004140651,413.0805358886719,117726500
2022-03-03,415.51437058927706,416.1180952528959,409.22225892771945,411.0240478515625,105501700
2022-03-04,407.2883840604993,408.8165952787163,403.63765086397046,407.6846008300781,113978200
2022-03-07,407.09969537962036,407.80720269087345,395.60034091096946,395.6663818359375,137896600
2022-03-08,395.84559581407734,403.0055659240811,391.6005521986846,392.6665344238281,164772700
2022-03-09,401.05295715574266,405.1753624907321,398.8643939390567,403.1943359375,116990800
2022-03-10,398.5813104458791,402.2697853678107,396.61916949340304,401.3736267089844,93972700
2022-03-11,403.8640420157582,404.4772092709991,395.7607282684723,396.2701416015625,95636300
2022-03-14,397.0437338622443,400.4963446455009,392.23267777731564,393.3741149902344,95729200
2022-03-15,395.9871774625465,402.6566210107506,394.71368713234256,402.02459716796875,106219100
2022-03-16,405.53380999874116,410.99574623645054,400.7321679197033,410.93914794921875,144954800
2022-03-17,409.02416595069127,416.08038330078125,408.64683443641115,416.08038330078125,102676900
2022-03-18,414.467909206015,420.95933337461315,413.72981682419214,420.6376037597656,106345500
2022-03-21,420.4672563901048,422.47335203270006,417.00389114982016,420.51458740234375,88349800
2022-03-22,421.9055391743934,426.37195178227597,421.9055391743934,425.4351501464844,74650400
2022-03-23,422.89922534823637,424.3943252385868,419.871137651901,419.956298828125,79426100
2022-03-24,421.981331093405,426.29633721311484,420.86473496549416,426.286865234375,64736900
2022-03-25,426.92088512262796,428.64311034533864,424.3375472885619,428.3686828613281,77101300
2022-03-28,427.7724596050413,431.4156188964844,425.87991232408183,431.4156188964844,68529800
2022-03-29,435.30485728967426,437.24473588066155,432.61744319877937,436.7526550292969,86581500
2022-03-30,435.60762945908306,436.4214398536475,431.9455548784965,434.0557556152344,79666900
2022-03-31,433.2893334473063,434.11258705050625,426.9209002404847,427.3751220703125,121699900
2022-04-01,428.9553048993876,429.09724017093697,425.0093599604166,428.5862731933594,89048800
2022-04-04,428.78503448200854,432.3619481479705,427.96178092937987,432.2578430175781,59601000
2022-04-05,430.7627409154782,433.2325015603828,425.6528684021026,426.7978515625,74214500
2022-04-06,422.8802663750546,424.8106439250677,419.64399762453365,422.5301208496094,106898000
2022-04-07,421.6500972677455,426.47609894481815,419.70077574327007,424.65924072265625,78097200
2022-04-08,423.9022463943376,426.4193379958125,421.98131186663085,423.52374267578125,79272700
2022-04-11,420.24961995400275,421.0918174503352,415.7832355906516,416.2847595214844,89770500
2022-04-12,419.2749398176844,421.80150331220403,413.19040683522564,414.7423095703125,84363600
2022-04-13,414.4962904899716,420.2496221966037,414.3164961668285,419.49261474609375,74070400
2022-04-14,419.7197745901484,420.8363997335564,414.1651514467899,414.2692565917969,97869500
2022-04-18,413.34180271144544,416.123849633217,412.2062627473825,414.4394836425781,66002500
2022-04-19,414.3353418054255,421.84875644836103,414.16501948930335,421.1296081542969,77821000
2022-04-20,422.9086685500845,423.5237406996165,419.65348460531936,420.8173828125,65224400
2022-04-21,424.441679554067,425.83270326471836,413.61630443070874,414.52471923828125,85417300
2022-04-22,413.43653595611335,414.54366025505004,402.58277309339053,403.1505432128906,132471800
2022-04-25,400.90780109531795,405.65808479066646,396.33728283967,405.4877624511719,119647700
2022-04-26,402.95173179386785,403.1504700703284,393.71611977901205,393.7445068359375,103996300
2022-04-27,394.823297509531,400.198155000715,392.71312527613804,394.8516845703125,122030000
2022-04-28,399.6019576141651,406.55707558525125,395.1639313315665,404.82537841796875,105449100
2022-04-29,400.8320856724879,402.9895886209459,389.1172122790781,389.8647766113281,145491100
2022-05-02,389.93102468617633,393.5741843394114,383.2597775315031,392.2115478515625,158312500
2022-05-03,392.71303964199615,396.4224162058567,391.1516650055243,394.0094299316406,100028200
2022-05-04,394.67175041252915,406.5758875682637,391.48281324315576,406.00811767578125,144247900
2022-05-05,401.7405161814466,402.16635092774,387.44233342518896,391.5775451660156,172929100
2022-05-06,389.01316841951103,392.5143641838962,383.9316826887412,389.2402648925781,151770800
2022-05-09,383.3354711443122,384.575087347115,375.1975117716512,376.7778015136719,155586100
2022-05-10,382.7582487909865,384.26282054447404,373.60779806565324,377.64837646484375,132497200
2022-05-11,376.6832006420824,382.3324561154293,370.9014529815829,371.6490173339844,142361000
2022-05-12,368.45061311196713,374.53514652082424,364.4573366484498,371.26104736328125,125090800
2022-05-13,375.3962141833524,381.5186058960115,374.35530738560897,380.1370544433594,104174400
2022-05-16,378.4906197842672,382.26624315358947,376.2384834313431,378.5946960449219,78622400
2022-05-17,384.6886084460492,386.6190146909032,380.9508161457749,386.3824462890625,83029700
2022-05-18,381.82146421765935,382.1053347959958,369.56720740842707,370.80682373046875,117674500
2022-05-19,367.7408696651366,372.96431881468,366.31198717995636,368.5357360839844,98510700
2022-05-20,372.12216171567013,375.69907542713753,360.09503013105126,368.6966552734375,131432200
2022-05-23,371.72468584727085,376.3614500919125,369.4063326029317,375.594970703125,76414900
2022-05-24,371.46922293735594,373.9200684973476,366.17008413397616,372.727783203125,91448800
2022-05-25,371.2326698997725,377.98907865192785,370.8352510778718,376.02081298828125,91472900
2022-05-26,377.25087748673064,385.171182240454,377.04269615690146,383.53411865234375,82168300
2022-05-27,385.99455814727753,393.06322475181946,385.79584873051925,392.9496765136719,84768700
2022-05-31,391.3314665518741,394.0851264101224,388.0005936135915,390.7447814941406,95937000
2022-06-01,392.8644517588874,393.87694263717856,385.06713709140746,387.584228515625,86585800
2022-06-02,387.4233771677342,395.01248157548275,385.17124122143497,394.9651794433594,79609600
2022-06-03,390.24327056369185,391.795173302903,387.50855457000824,388.48321533203125,71874300
2022-06-06,392.49542593941146,394.22709420031765,388.49267756993027,389.66607666015625,57508900
2022-06-07,386.17432268656637,393.8580609068562,385.71062891259504,393.4038391113281,59272400
2022-06-08,391.6910721501235,393.47954333395916,388.33181201108613,389.1266784667969,64350000
2022-06-09,387.34775033174003,389.6188018901755,379.8721923828125,379.8721923828125,86289800
2022-06-10,373.6645695586442,374.5162101273659,368.8101807755536,368.85748291015625,132893900
2022-06-13,359.4420637467876,361.2967520769685,353.2439538052529,354.8526306152344,170004900
2022-06-14,356.6032003098741,357.6346350348906,350.6795185260406,353.7832946777344,104011800
2022-06-15,357.0858572117837,363.2744957746672,352.12739188091416,358.8270263671875,125666800
2022-06-16,350.6038951062925,351.0107858866292,344.51933296816924,346.9512634277344,134473300
2022-06-17,347.3665544750161,351.0444479219139,344.19235133733406,347.69915771484375,111113900
2022-06-21,353.4299145965904,357.8395764065463,353.3538694431423,356.4520568847656,76811900
2022-06-22,352.22302625976033,359.92096134175904,351.8048648180799,355.805908203125,90059400
2022-06-23,357.94408234086904,360.02534683784137,354.3802275814878,359.2935791015625,79292100
2022-06-24,362.4677899153683,370.72643183907684,362.43928023680013,370.7169189453125,98050300
2022-06-27,371.6387840560035,371.93339374615164,368.20799359853146,369.3009033203125,66009600
2022-06-28,370.859513206885,373.6440649503389,361.6409966809316,361.7550354003906,86548900
2022-06-29,362.3063153699562,363.2946704214848,359.6358019467903,361.4604797363281,65676000
2022-06-30,357.56389907239446,361.7645084605366,354.0665767146873,358.5237731933594,112508300
2022-07-01,357.8680810567147,362.7529525002182,355.2450743514729,362.3157653808594,74839700
2022-07-05,357.22181596212545,363.01902578805715,354.3897288005455,363.0,81438000
2022-07-06,363.14252639295074,366.715894004098,360.7571393570924,364.2259521484375,70426200
2022-07-07,366.00319713599873,370.47939144659864,364.24502265222054,369.68109130859375,64525900
2022-07-08,368.04642405277673,371.24916611652566,366.5163562235368,369.376953125,72397800
2022-07-11,366.6969600116307,367.66631821985214,364.4636048722329,365.1573791503906,58366900
2022-07-12,364.6061122917404,366.99152847059673,360.17742508846254,361.92608642578125,62219200
2022-07-13,356.48059143871535,362.9620635927919,356.0624300737601,360.0254211425781,84224600
2022-07-14,355.06452096685234,360.2344894812079,352.6221141267699,359.1510925292969,89704800
2022-07-15,363.56074662755304,366.12673404152474,361.650539910931,366.0126953125,79060400
2022-07-18,369.1013252129824,369.7760736131692,361.764534839165,362.9905090332031,63203600
2022-07-19,366.91550902545094,373.3684709198661,366.25978635540963,372.7982482910156,78506000
2022-07-20,372.98831383414614,376.5901914099878,371.619791193265,375.17413330078125,71843800
2022-07-21,374.5944811693759,379.0421658963214,372.1900678060599,378.9946594238281,64903900
2022-07-22,379.1181409721045,380.3155764832449,373.2543990144218,375.4782409667969,72197300
2022-07-25,376.1054757940071,376.78973707432243,373.6915500269605,375.9344177246094,53631500
2022-07-26,374.2903346496475,374.4994153201888,370.59344384206173,371.4867858886719,52946400
2022-07-27,374.78449853291994,382.8815960228277,374.4898888264092,381.1329345703125,82342100
2022-07-28,381.9407350618802,386.60698374585616,378.38636390787866,385.9132385253906,73966600
2022-07-29,387.3482705951752,392.52775161157655,386.5784802133014,391.53936767578125,87003700
2022-08-01,388.8403934093861,392.8889425916025,388.12762229999475,390.3799743652344,69997500
2022-08-02,388.81185464934134,392.49926155328086,386.6260350117583,387.8044738769531,63435400
2022-08-03,389.9332356443753,395.0461841555904,389.6481388511842,393.87725830078125,67820600
2022-08-04,393.80123040665455,394.48549174301655,391.96703995040895,393.6111755371094,45656600
2022-08-05,389.3250180600784,393.59213106466996,389.2679987016488,392.9458923339844,56814900
2022-08-08,394.63754145835884,396.88989316531894,391.387292955347,392.4897155761719,53886100
2022-08-09,391.7579620888554,392.26165245097286,389.8572393634721,390.93115234375,44931800
2022-08-10,397.9923437821938,399.28485036063125,396.03460162898654,399.14227294921875,68665700
2022-08-11,401.993357133819,403.85608634972215,398.40099222133176,399.14227294921875,59489700
2022-08-12,401.0810138483799,406.0038788583054,400.130652464098,405.89935302734375,61694500
2022-08-15,403.68498595264106,408.09467660080554,403.6279665910464,407.57196044921875,54048300
2022-08-16,406.4980871972697,410.29953275176706,405.69027421639345,408.37030029296875,59289000
2022-08-17,404.76839107782297,408.1801847177208,403.4664007169476,405.4716491699219,63563400
2022-08-18,405.671185528094,407.3343177003201,404.3787081612712,406.65008544921875,49023200
2022-08-19,403.88450813354626,404.1506081060881,400.3111407856508,401.18548583984375,68016900
2022-08-22,396.3481983345936,396.51928542351556,391.92902375820364,392.8318786621094,77695600
2022-08-23,392.40421793285645,394.7991472328157,391.33030490584025,391.88153076171875,49105200
2022-08-24,391.6533959625738,394.50447996842576,390.9691636437866,393.135986328125,49177800
2022-08-25,394.62806490293383,398.73363317866927,393.53515507562247,398.6861267089844,50942300
2022-08-26,398.57198910381624,399.1136729342151,385.1338681006036,385.1908874511719,103087000
2022-08-29,382.23536401267944,385.6946644031111,381.285002619314,382.6440124511719,65370800
2022-08-30,383.80347284610536,384.0410632057968,376.3431297512481,378.44342041015625,85652400
2022-08-31,380.07809068864566,381.3230620086155,375.4308377544014,375.5638732910156,76029700
2022-09-01,373.3874742240931,377.08436469022797,370.678938652205,376.74224853515625,78740100
2022-09-02,380.4106274783638,381.62708880615634,370.95452075647603,372.76971435546875,99632100
2022-09-06,373.6155413307237,374.55638973388335,369.1393477426086,371.3631896972656,76637400
2022-09-07,371.04956742201074,378.80451936163286,370.8310028776724,378.03472900390625,70964200
2022-09-08,375.7633824847431,380.9618311489722,374.5564050265275,380.50567626953125,80821700
2022-09-09,382.74855148359427,387.2817940480387,382.4824514443837,386.4169616699219,76706900
2022-09-12,388.48874399097315,391.2923218090903,388.1846213728781,390.5700378417969,69256300
2022-09-13,381.88367179340526,383.0906492168183,372.46561674955393,373.5870361328125,122947100
2022-09-14,374.8890826483059,376.5332183991337,371.70536598765534,375.01263427734375,85023700
2022-09-15,373.4539971854713,376.30508130578556,369.4814936051546,370.7549743652344,87633800
2022-09-16,366.5714428970576,368.58492846304785,364.6342566105422,367.9264831542969,103084800
2022-09-19,364.77747715242447,370.77978515625,364.70111961719556,370.77978515625,73278500
2022-09-20,367.44941174370973,368.4609306805626,363.7659614872204,366.5237731933594,77274900
2022-09-21,368.45138449539013,371.5050452988248,360.1206665332533,360.1302185058594,106746600
2022-09-22,359.3572464253826,360.99858405499543,356.36086825522057,357.1051940917969,89472600
2022-09-23,353.6315801864885,353.6697589480902,346.675007940967,351.12188720703125,122346900
2022-09-26,349.6523393463072,353.27853570562985,346.42691809015844,347.64837646484375,92581200
2022-09-27,351.1886701822386,353.4598260291323,344.3656797923764,346.7608947753906,108294100
2022-09-28,347.71519752115427,355.27296245080464,346.01660643811806,353.58392333984375,110802200
2022-09-29,350.0340115514208,350.32027945929735,343.249200037984,346.1978759765625,112952300
2022-09-30,345.2532144843065,349.1752604718102,340.7109309251175,340.8445129394531,153711200
2022-10-03,344.5660844856892,351.6944470852205,342.78161312339256,349.8431701660156,89756500
2022-10-04,355.3683901017397,360.7122815791371,349.8050362444443,360.68365478515625,103602800
2022-10-05,356.3131384107271,362.1055067151951,353.9847287224127,359.8439025878906,88065700
2022-10-06,358.441111032702,361.3993391526018,355.6355688484854,356.1318054199219,82333500
2022-10-07,352.09522785371945,356.21766045831674,344.43247955302377,346.1978759765625,107789500
2022-10-10,347.3143111479812,347.5528774185206,341.31200474894814,343.55450439453125,76042800
2022-10-11,341.8560389658956,346.42697853829924,339.44174858833856,341.37890625,92482800
2022-10-12,341.7891591233935,343.3636907851623,340.0046588434037,340.2527770996094,76991800
2022-10-13,333.2389284695991,350.7019983759628,332.18923096891143,349.232421875,147254500
2022-10-14,351.6944557677686,353.32627035722425,340.6345247152281,341.2738952636719,123737000
2022-10-17,347.362126415413,351.15056087847387,340.9399103655982,350.0436096191406,93168200
2022-10-18,357.97349374132114,358.2788655814361,350.711520738244,354.15643310546875,97162900
2022-10-19,352.11430914770796,354.84352278104876,348.83163450834223,351.646728515625,79746900
2022-10-20,351.198198573637,355.6260028050626,347.934598978762,348.6980285644531,88283100
2022-10-21,348.4213111862988,357.65859149270045,346.9135849578602,357.17193603515625,131038400
2022-10-24,358.69884913927166,362.6781197038341,356.04596326707,361.54254150390625,85436900
2022-10-25,361.4661752393635,367.63072116367647,361.35166805839594,367.3158264160156,78846300
2022-10-26,364.1667310883198,369.8541443090124,363.90908993272876,364.5484313964844,104087300
2022-10-27,365.55045270586106,367.392177933265,361.9814803173528,362.6017761230469,81971800
2022-10-28,362.49677973202483,371.70543468470186,362.3154669828309,371.2283020019531,100302000
2022-10-31,368.7662138727281,370.63656534655524,367.6401880247405,368.5467224121094,96631300
2022-11-01,372.2970155430231,372.53558182792375,365.76029351237366,366.93402099609375,85407600
2022-11-02,366.34247921682703,370.85616501782636,357.6205086522629,357.7254638671875,126990400
2022-11-03,354.4809155332156,357.08607016392386,351.92349163838855,354.0419616699219,87100100
2022-11-04,359.75802297669105,361.5424944523819,353.07816578614245,359.13775634765625,103505200
2022-11-07,360.435515659066,363.16472938893213,358.3552244250396,362.5730895996094,68286900
2022-11-08,363.6800782301254,367.50669186220006,360.445133617555,364.5293884277344,84641100
2022-11-09,362.5539832992573,363.7086651999319,356.52302003221314,357.0192565917969,78495500
2022-11-10,370.30264142200895,376.9729757332263,368.0028876550996,376.63897705078125,141455800
2022-11-11,377.4977734770305,381.08582000984256,375.60831786460767,380.28424072265625,93839900
2022-11-14,378.5188625471577,381.8778657875463,376.77254080840333,377.0492858886719,71903500
2022-11-15,382.80348568869397,383.9104368342091,376.4480758536066,380.26513671875,93194500
2022-11-16,378.6333567193718,379.5876219491824,376.7343782310451,377.36419677734375,68508500
2022-11-17,372.6023818822728,376.88705243365007,372.2970391508522,376.2095031738281,74496300
2022-11-18,379.54944898801807,379.61625454437336,375.0644198124641,377.91766357421875,92922500
2022-11-21,376.5913098444823,377.7173360224795,374.701853876587,376.5435791015625,51243200
2022-11-22,378.4902502119182,381.77292517031464,377.077927085489,381.6106872558594,60429000
2022-11-23,381.2766761134872,384.5020973782574,381.0476617682043,384.01544189453125,68261600
2022-11-25,383.45237179541095,384.4829945177539,383.17565585566234,383.92950439453125,30545400
2022-11-28,380.8377796763317,382.4791173493977,377.0397928537372,377.80322265625,67881600
2022-11-29,377.93677231301285,379.12960397556105,375.3125426554069,377.154296875,52310000
2022-11-30,377.4023257136843,389.0348205566406,375.4842725098609,389.0348205566406,144566700
2022-12-01,390.07497917155587,391.2487358630156,386.2388435135502,388.7485656738281,76398200
2022-12-02,383.8531997520255,389.20661386702676,383.7482445522166,388.3000793457031,85342700
2022-12-05,385.4753998086811,386.41056097115313,379.9597486810331,381.3147888183594,77289800
2022-12-06,381.1526980591558,381.69660720336174,373.72851442805074,375.8183288574219,77972200
2022-12-07,374.96901554376115,377.54554354532956,374.04337702250234,375.178955078125,65927900
2022-12-08,377.068403979044,379.18684498444895,375.2839034087124,378.1180725097656,60737900
2022-12-09,376.8775715745364,379.43499580414664,375.16942838990695,375.2934875488281,81447700
2022-12-12,376.08549280299235,380.70416259765625,375.41752454941917,380.70416259765625,75405800
2022-12-13,391.4586244536652,391.7162655428249,380.8185745770229,383.5859375,123782500
2022-12-14,383.24246302501166,386.95456892239247,378.18486871743545,381.133544921875,108111300
2022-12-15,376.2667660559643,377.17332966722427,370.1499515992905,371.81036376953125,117705900
2022-12-16,369.2517350620785,370.59383534034583,365.2829507209457,367.42071533203125,119858000
2022-12-19,367.6124286419873,367.9479610000422,362.6370475272463,364.3050842285156,79878100
2022-12-20,363.54776346105064,366.42370486544144,362.2248257341367,364.8035888671875,74427200
2022-12-21,367.40155201274337,371.38952801231983,366.86471190276114,370.2583312988281,78167400
2022-12-22,367.20980089104194,370.23912957543627,359.2722031883447,364.9761657714844,100120900
2022-12-23,363.95045341487634,367.2194443247234,362.39744941933026,367.0756530761719,59857300
2022-12-27,366.96055483629175,367.3056537714611,363.95038870900765,365.6280212402344,51638200
2022-12-28,365.56097308852884,367.5358135013805,360.854040448147,361.0841064453125,70911500
2022-12-29,363.9312961910967,368.4561128288235,363.4040225980941,367.583740234375,66970900
2022-12-30,364.8994905444754,366.7592392294088,362.78085913190785,366.6154479980469,84022200
2023-01-03,368.4752380300906,370.45004902050835,362.20567683665195,365.0720520019531,74850700
2023-01-04,367.3344711039099,369.92283055639075,364.28597966385496,367.8905029296875,85934100
2023-01-05,365.93482035409846,366.0498533403474,363.09723275612134,363.69158935546875,76970500
2023-01-06,366.78805804101853,373.1534906525759,363.7204039949203,372.0318603515625,104189600
2023-01-09,374.2271369047477,377.4194487549502,371.6388067821009,371.8209228515625,73978100
2023-01-10,371.2362142707851,374.4956096553548,370.2967292649536,374.4284973144531,65358100
2023-01-11,376.0102256287862,379.2408622167289,375.19536960600243,379.1641540527344,68881100
2023-01-12,380.26663005159156,382.0113458697923,376.19237910493234,380.54461669921875,90157700
2023-01-13,377.3427015811747,382.59609870511895,377.07428153867187,382.0209045410156,63903900
2023-01-17,382.00173599624947,383.6793685488554,380.6404441382468,381.3210754394531,62677300
2023-01-18,382.5098268846119,383.5739112290624,375.09947353048597,375.30078125,99632300
2023-01-19,373.2588930285292,374.9077675297641,371.2457571335137,372.5686950683594,86958900
2023-01-20,373.9682673467044,379.66263388423897,372.31939304197067,379.5092468261719,91806400
2023-01-23,380.31458203818664,385.99935386476415,379.3559346776604,384.0628967285156,84178800
2023-01-24,382.3852133953482,384.56133208460926,381.19650018692624,383.650634765625,59524900
2023-01-25,379.57636134944494,384.12993543916394,377.2851805542504,383.7944030761719,84800300
2023-01-26,386.45950819175505,388.1754951278568,383.4876955763573,388.01251220703125,72287400
2023-01-27,386.967595605409,391.28150871155356,386.7566920166625,388.904052734375,68346200
2023-01-30,386.14307720021804,388.37674154050546,383.72729680861056,384.02447509765625,74202000
2023-01-31,384.5421304079371,389.71881909207235,384.19700222601404,389.6708984375,86811800
2023-02-01,388.45345165426824,396.5636286134995,385.7117345077939,393.8122863769531,101459200
2023-02-02,397.70436739497256,401.01171197085296,395.80626464324223,399.54498291015625,101654500
2023-02-03,394.56963646776256,399.7271635935274,394.0903128204698,395.2982177734375,94736800
2023-02-06,392.8440604283562,394.2820312874674,391.2239442533102,392.88238525390625,60295300
2023-02-07,391.9620943439746,399.26698166926644,390.7158646278332,398.020751953125,90990700
2023-02-08,396.0459125600925,397.3880127555721,392.97822989420473,393.66845703125,76227500
2023-02-09,397.27301170174235,397.42639877292254,389.02863947326034,390.2557067871094,78694900
2023-02-10,389.0765695741987,391.54989593055205,388.26174279369724,391.16644287109375,70769700
2023-02-13,391.8182749307163,395.8925254285683,391.35811375424055,395.75830078125,64913500
2023-02-14,394.2340728818384,397.8865164448738,391.61698469819703,395.5762023925781,88389300
2023-02-15,393.3808545380282,396.9374271887405,392.5372403851114,396.8607482910156,61555700
2023-02-16,391.8853732614953,395.8349948045501,391.2622584704852,391.3964538574219,76431500
2023-02-17,389.2682823043391,390.6583324559055,387.34139205761664,390.4186706542969,89257800
2023-02-21,386.39234798566156,387.44686578378213,382.3276931153695,382.5865173339844,82655900
2023-02-22,382.9987818589444,384.54221931792307,380.6021634644275,382.059326171875,83742300
2023-02-23,384.95439045031753,385.567938737912,379.86397585252666,384.09161376953125,96242400
2023-02-24,379.0683237378521,380.8226354035622,377.36193273433554,379.9886169433594,108194400
2023-02-27,383.3342657519672,384.69555770016393,380.3432910551879,381.28277587890625,80444700
2023-02-28,380.8034546692743,382.76866981415725,379.7680992642455,379.8735656738281,96438600
2023-03-01,379.05871889408525,380.285786224129,377.11266611466596,378.4164123535156,99706800
2023-03-02,376.4415411491154,382.2030196575483,376.1060088085925,381.3594055175781,85127800
2023-03-03,383.18086644105557,387.7248740903768,382.5289933624495,387.4756164550781,90120000
2023-03-06,388.3000821585358,390.60085911261217,387.3031100177366,387.74407958984375,72795900
2023-03-07,387.69611880425083,387.93578060753197,381.18689603557027,381.8004150390625,108310600
2023-03-08,381.91547162159134,383.1808636899206,380.1898891101756,382.4235534667969,74746600
2023-03-09,383.20970982130785,384.8777762237913,374.3805752859118,375.36798095703125,111945300
2023-03-10,374.82148382483746,376.901761257044,368.4273229667233,369.9515686035156,189253000
2023-03-13,366.021130129731,374.24634050095773,364.90909573022645,369.42431640625,157790000
2023-03-14,374.3517676052174,377.1797888194533,371.0444227448801,375.5309143066406,149752400
2023-03-15,369.9323910671056,373.38349766674736,367.8425178859198,373.18218994140625,172996900
2023-03-16,370.82389491517466,380.0748339949691,370.3158130995553,379.7297058105469,143254200
2023-03-17,378.3979622867853,379.5334763060183,373.9039803951704,375.2897033691406,140553400
2023-03-20,376.06916402579844,379.31215983644114,375.3666994576997,378.8983459472656,93055800
2023-03-21,382.26637985609574,384.3545965453815,380.6689485650316,383.8734436035156,91524200
2023-03-22,383.70026302343734,387.31851343521214,377.29130185553555,377.32977294921875,111746600
2023-03-23,380.1974338773298,384.239130397535,375.6361133164018,378.3498229980469,119351300
2023-03-24,377.069990985465,380.91921510254883,374.7219619246639,380.8326110839844,107682400
2023-03-27,383.11324113581304,383.88310351821207,380.6497402466303,381.544677734375,74010400
2023-03-28,380.8518079845922,381.54466943004763,378.8502245684134,380.688232421875,62871700
2023-03-29,384.8550092196648,386.46207306808367,383.6521267894026,386.22149658203125,77497900
2023-03-30,388.85816364557934,389.1083725616801,386.6160039583287,388.4828796386719,69840000
2023-03-31,389.4067476454537,394.25677808538353,389.3008787149844,393.9584655761719,112062600
2023-04-03,393.43880732243116,395.8638078292274,393.0442583450311,395.45965576171875,67391100
2023-04-04,396.10437947935486,396.3930888912914,391.88947462341105,393.2655944824219,66601500
2023-04-05,392.53424390704595,393.2944738697264,390.5807639021192,392.2359313964844,65200200
2023-04-06,391.4372281258298,394.0450987106506,390.3883180373403,393.7660217285156,63743300
2023-04-10,391.2832175790923,394.2471364215444,390.6673570273508,394.1701354980469,63681000
2023-04-11,394.7956544202573,395.6809594619992,393.5061679518089,394.2760009765625,59297900
2023-04-12,396.3449304189456,396.63363981226826,392.0819222861502,392.6689147949219,86420400
2023-04-13,393.75634279356007,398.2406920585318,392.6111963601302,397.8846435546875,85814800
2023-04-14,397.24953269593004,399.44358917464797,394.6031912280039,396.9127197265625,78161500
2023-04-17,396.8261475266993,398.3562106467558,395.59439693756417,398.33697509765625,66436400
2023-04-18,399.91500332446986,400.0497402232729,397.2205590208127,398.5966491699219,63560000
2023-04-19,396.6817177607652,399.43389838923747,396.62398175927586,398.52935791015625,55227300
2023-04-20,395.7098258250606,398.10598763661955,394.80525587274064,396.3545837402344,75840400
2023-04-21,396.6528431301023,397.124363590132,394.70899592221565,396.6624755859375,73457400
2023-04-24,396.4604650046347,397.49977199704205,395.122874849699,397.07635498046875,64332100
2023-04-25,395.1035702020275,395.6617241074058,390.7154573508528,390.773193359375,97766700
2023-04-26,391.3891301301037,392.46690824121293,388.55994790481657,389.1180725097656,80447000
2023-04-27,391.65857511674506,397.13409906910863,391.4083661380691,396.8646545410156,92968400
2023-04-28,395.9793420542231,400.261616101448,395.92160603550906,400.2519836425781,89433100
2023-05-01,399.8092778572073,401.8782298985706,399.6168049089298,399.8477783203125,62122300
2023-05-02,399.1355841651367,399.18371707766147,392.4475761726746,395.3537292480469,103998500
2023-05-03,395.8541741351487,398.26957154429016,392.3994991884123,392.64007568359375,91531800
2023-05-04,391.59114772802405,391.91832822239473,388.5213894409254,389.8590087890625,94901900
2023-05-05,393.49657525587213,398.12526506376383,393.23676319139554,397.07635498046875,87891800
2023-05-08,397.4034393015075,397.6632513030807,395.77714010142626,397.1820983886719,50046800
2023-05-09,395.63290265005054,396.55670826234115,395.2094856262401,395.4404296875,49220100
2023-05-10,398.2791682813285,398.9142936957152,393.45800635276555,397.2879943847656,96142900
2023-05-11,396.4219457866343,396.8838338451928,394.5165694433399,396.59515380859375,70157100
2023-05-12,397.8365674670435,398.04827596600416,393.6505304091499,396.0755310058594,70481500
2023-05-15,396.6817257085728,397.8461075849292,394.766746430572,397.44195556640625,54289400
2023-05-16,396.3353704795069,397.259205466478,394.77643931896347,394.78607177734375,57705500
2023-05-17,396.80680167335146,400.18447505456066,395.1612669816217,399.5782470703125,87287000
2023-05-18,399.2607196795313,403.8509377054382,399.0394081133319,403.4275207519531,97177200
2023-05-19,404.33207636027197,404.8613328497813,401.61836671819003,402.8404846191406,103793300
2023-05-22,402.85977985297563,404.54381527738377,401.6183969458684,403.0041198730469,60745400
2023-05-23,401.35857830108944,402.9367742560176,398.08674373587735,398.4812927246094,86383500
2023-05-24,396.8742437459542,397.25916026310097,394.42997834283796,395.5943603515625,89213700
2023-05-25,399.10674560980397,400.4732329300767,396.86458575045214,399.0201416015625,90961600
2023-05-26,399.67452677861917,404.90947362025605,399.59755522238083,404.187744140625,93830000
2023-05-30,406.1219771957275,406.6512337191027,402.955982410714,404.3417053222656,72216000
2023-05-31,402.5133634004825,403.41793341434715,400.53101533620446,402.0995788574219,110811800
2023-06-01,402.33057043674256,406.9785255373127,401.0795842019912,405.91998291015625,88865000
2023-06-02,408.498818185572,412.5789854408383,407.96956173458443,411.7899169921875,91426200
2023-06-05,412.1363990044285,413.4258854781173,410.29839108056865,411.0008850097656,65460200
2023-06-06,410.5870909976928,412.4250695118066,409.9327006351518,411.89581298828125,64022200
2023-06-07,412.2903604628489,413.4258744271593,410.0481711705742,410.4715881347656,85373300
2023-06-08,410.53897877639116,413.40666121291997,409.7691457275,412.9543762207031,61952800
2023-06-09,413.75310954996445,415.7065896969759,412.7041994579485,413.69537353515625,85742800
2023-06-12,414.67685648093624,417.52527361997466,413.9551270818145,417.4482727050781,76104300
2023-06-13,418.91104452208407,420.84525956412307,418.2470510492617,420.2005310058594,95899700
2023-06-14,420.5373216552151,422.5100370544421,417.2462224703346,420.7008972167969,100612100
2023-06-15,419.8829487810575,427.1676119841462,419.7867416783568,425.9166259765625,110303100
2023-06-16,427.9043216402741,428.4741875357101,423.9925178341749,424.4657897949219,114165800
2023-06-20,422.52444796434224,423.41304154167295,420.1870041214196,422.2636413574219,76160400
2023-06-21,421.2784731312149,422.08014103507514,419.5108951805997,420.10009765625,76982300
2023-06-22,419.14386433493524,421.7227488220665,418.80580025695025,421.61651611328125,70637200
2023-06-23,418.1586317913709,420.21596194306784,417.71433502111864,418.4290771484375,92074500
2023-06-26,417.8592449307871,419.7813378209466,416.4780427984246,416.7195129394531,72823600
2023-06-27,417.59844581995696,421.9062646558956,417.1444807996532,421.2881164550781,72813700
2023-06-28,420.2063349514927,422.514803688603,419.58818670737986,421.5006408691406,75636000
2023-06-29,421.0852585523664,423.32610840810986,420.679605245235,423.1618957519531,67882300
2023-06-30,426.3783009507995,429.1407051013052,426.0595438710738,428.155517578125,104964000
2023-07-03,427.8078209721531,428.92821645735074,427.5277073626863,428.64813232421875,32793400
2023-07-05,426.8322751907773,428.7447292814146,426.8226069528998,428.0106506347656,58418400
2023-07-06,424.4272862122754,425.0840779768898,422.14779256121534,424.6590881347656,80658300
2023-07-07,423.66417049204466,427.5373607483118,423.3454134187473,423.5868835449219,86134200
2023-07-10,423.2295741679538,424.8329395766333,422.65970812427327,424.6590881347656,62443500
2023-07-11,425.4220646553444,427.85607282742535,424.44651594855435,427.36346435546875,64463800
2023-07-12,431.15940249157063,432.21220867974904,429.72988876678727,430.802001953125,91924500
2023-07-13,432.61791761555475,435.0133121303779,432.1832890285731,434.2212829589844,72425200
2023-07-14,435.1098740968055,435.9598242076378,433.18775178790105,433.9508056640625,69815800
2023-07-17,433.80596349270843,436.5104174127122,433.7576517763609,435.4576110839844,52680200
2023-07-18,435.12919667930265,439.3404218148386,434.69453863237396,438.69329833984375,80668200
2023-07-19,439.48533409064345,440.8568680135883,438.61601798371265,439.6688537597656,65891700
2023-07-20,438.6740145693688,439.57227647249636,436.0371498627965,436.75189208984375,70591600
2023-07-21,438.4711584160143,438.6740145693688,436.742253327544,436.75189208984375,71275600
2023-07-24,437.9012750217946,439.5143085643416,436.86777572408096,438.7029724121094,54023400
2023-07-25,438.43253737447066,441.1562982796933,438.38422565839835,439.9006652832031,55191200
2023-07-26,438.9637681345287,441.3977766942308,437.91096179208995,439.9682922363281,71052900
2023-07-27,443.35846818342566,443.7641509737044,436.14333947921443,437.05126953125,92194400
2023-07-28,440.3256151682766,442.16078225681895,437.05126606431355,441.33013916015625,80011800
2023-07-31,441.8034013690048,442.52781174126136,440.4897885662861,442.1704406738281,62040400
2023-08-01,440.70232573811046,441.64889932682564,439.94894005773267,440.9051818847656,55291500
2023-08-02,437.78533196247287,438.0461090832154,434.01840394785836,434.77178955078125,93933400
2023-08-03,432.75309476673715,435.40926606374575,432.10594188115226,433.5257873535156,64276100
2023-08-04,435.3416597654818,437.44727217935485,431.0434797536367,431.5650634765625,100128900
2023-08-07,433.40030045755196,435.4866062095408,432.704865206889,435.3320617675781,58357500
2023-08-08,432.7917508600607,435.32238270202885,430.07762882885913,433.43890380859375,71361300
2023-08-09,433.7093775665813,433.87359024306414,429.7782363330844,430.5412902832031,78789600
2023-08-10,432.89803793591824,436.28828834846206,429.5271240006527,430.6958312988281,93005500
2023-08-11,428.8219993419041,431.4588639187083,428.2231581026232,430.4446716308594,68690900
2023-08-14,429.5270825673996,432.8207092285156,429.2179937241371,432.8207092285156,47867400
2023-08-15,431.04345976947155,431.4008602977152,427.2089131864871,427.77880859375,75707500
2023-08-16,427.3635314579317,429.02484730566357,424.5335083117714,424.6397705078125,80107200
2023-08-17,426.10791737055774,426.36869453841894,420.88249943989206,421.4040832519531,95711300
2023-08-18,418.58363133261804,422.6403412596287,418.2359284981317,421.6068420410156,98852000
2023-08-21,422.6210410735604,425.09369303000517,420.4671462190992,424.3499755859375,68719000
2023-08-22,426.1271477129419,426.1271477129419,422.6403332909712,423.2005310058594,64994200
2023-08-23,424.2630351692306,428.5322402058597,424.1181589807745,427.9140625,68441000
2023-08-24,429.51746935310535,430.02938491944155,421.9546073437118,421.9836120605469,88517300
2023-08-25,423.712501844876,426.2431043443279,420.15806824986475,424.95849609375,102325100
2023-08-28,427.1509520711484,428.2713769074764,424.9584141058072,427.6532287597656,61595400
2023-08-29,427.5470082557006,434.1150135078099,427.3634885979469,433.83489990234375,83081900
2023-08-30,434.17294441532357,436.2592497912926,433.4678410527647,435.62176513671875,69053900
2023-08-31,436.2399468961714,437.3796788770793,434.8007943012341,434.98431396484375,66084600
2023-09-01,437.70804712324605,438.19098733790463,434.3371043810238,435.79559326171875,58944100
2023-09-05,435.35138309753785,435.6701107330132,433.8446116862524,433.9122009277344,55166200
2023-09-06,433.1008212089274,433.20708339429626,428.6674331394679,430.9952087402344,70758500
2023-09-07,427.9912839614794,430.3480346831722,427.6435811384425,429.67193603515625,70355400
2023-09-08,429.72022009729625,431.85480770691146,429.3628490355431,430.3190612792969,61659700
2023-09-11,432.94631377147886,433.4582293140434,431.2367157088773,433.149169921875,60180100
2023-09-12,431.70030728737913,433.2263855290798,430.19353604446763,430.7730407714844,67565400
2023-09-13,430.9951854819559,432.4343379531001,429.8940675950137,431.2752990722656,60199300
2023-09-14,433.747962382289,435.6893621396805,432.4440178145085,434.9939270019531,83430800
2023-09-15,433.40728505412073,433.7368392986662,429.31689007252186,429.7530517578125,111848900
2023-09-18,429.4428625408151,431.30390776198857,428.9679210789831,430.00506591796875,55752200
2023-09-19,429.08420380682946,429.6754845917088,426.42836539622306,429.11328125,66514600
2023-09-20,430.3733738455972,430.7901603921495,424.96473276036625,425.1683044433594,82562600
2023-09-21,422.31855674804774,422.58025371246634,417.98584063306095,418.14093017578125,104095800
2023-09-22,419.1683664368396,420.7676848012683,416.78389802992604,417.2007141113281,100829700
2023-09-25,415.98915213200996,418.9939198820318,415.5529609010411,418.9551696777344,70874500
2023-09-26,415.91154478605614,416.6191352673673,411.96653779928545,412.8001403808594,96168400
2023-09-27,413.9729720120895,414.53517529607944,409.3204041006066,412.96490478515625,104705800
2023-09-28,412.4124874162186,417.0359784928409,411.8212066146307,415.3591003417969,92258300
2023-09-29,418.41232999892884,418.5867946420908,412.8292247753013,414.35101318359375,115111300
2023-10-02,413.51743802249865,415.436637965525,411.4237734247356,414.1862487792969,83798600
2023-10-03,412.00533549021924,414.2443872113326,407.27520783651096,408.64190673828125,103760600
2023-10-04,409.107224446792,412.3640165843667,407.64359070503724,411.61767578125,87453000
2023-10-05,411.32680997189277,412.3057997665852,408.2348102060782,411.4625244140625,70142700
2023-10-06,409.01026454136644,417.8889419596687,407.68234534407696,416.3477783203125,113273300
2023-10-09,414.44800056773454,419.5852428633519,413.89552908801,419.01336669921875,80374400
2023-10-10,419.64334789466267,423.79189736248946,419.245936455557,421.1942138671875,78607300
2023-10-11,422.26047769195304,423.17158085104415,419.8760088222951,422.9195861816406,62451700
2023-10-12,423.5301811699864,423.9081879098467,417.9858555363506,420.3412170410156,81154200
2023-10-13,421.8436069564154,423.0455435777595,416.67731756779995,418.24755859375,95143100
2023-10-16,420.49625215365654,423.7142933075615,420.2539303121933,422.6480712890625,75433200
2023-10-17,419.51728827351457,424.68360681651455,419.16835899887315,422.6286926269531,75324700
2023-10-18,420.85496751569167,421.81455273319096,415.91159504982164,416.9971923828125,93559800
2023-10-19,417.7145736472732,419.5271370327528,412.6548903369575,413.3333740234375,121323000
2023-10-20,412.8971069121286,413.4399055549237,408.14757441721036,408.25421142578125,123919900
2023-10-23,406.72276099004836,411.4141390664612,404.9683527773846,407.5466613769531,92035100
2023-10-24,409.6694112034611,411.7727783774384,407.81806827916796,410.61932373046875,78564200
2023-10-25,408.93271643497314,408.9617938766799,404.21226147565824,404.7259826660156,94223200
2023-10-26,403.65982284727204,404.512771066671,398.9587721877273,399.87957763671875,115156800
2023-10-27,401.46919469761593,401.8666061249316,396.64213226616755,398.0669860839844,107367700
2023-10-30,400.85854988329856,403.88272225418063,399.5597081383843,402.8262023925781,86562700
2023-10-31,403.39809925222016,405.67593098866274,401.48860153022065,405.3560791015625,79665200
2023-11-01,406.32535052662286,410.4932751362608,405.7922246289102,409.6790771484375,98068100
2023-11-02,413.4786898388463,417.6854240377106,413.4593147358308,417.53033447265625,94938900
2023-11-03,419.8372157670484,422.8904655764815,419.71120365505175,421.339599609375,100167800
2023-11-06,422.095684981768,422.7547934702101,420.3606518433794,422.3089294433594,67831700
2023-11-07,422.3088656922616,424.1505059932791,421.1651135619809,423.5107727050781,64256100
2023-11-08,424.1116972443818,424.6351207317609,421.5140140675149,423.8209228515625,61746000
2023-11-09,424.9647121167065,425.0034918992464,420.0891971681386,420.51568603515625,83174400
2023-11-10,422.58998243152627,427.38793789386506,420.5059906051338,427.0777587890625,89462200
2023-11-13,425.740146607046,427.7756266322396,424.95502612182986,426.670654296875,52236100
2023-11-14,432.61240832792026,436.23753414765645,432.3894615518305,434.9483947753906,97176900
2023-11-15,436.28598819138983,437.51700226405256,435.01622391603615,435.86920166015625,77327600
2023-11-16,435.42335386000235,436.72219562577186,434.3571316402488,436.40234375,66665800
2023-11-17,436.4119730300388,437.5557547047121,435.4911676985958,436.9450988769531,83133200
2023-11-20,436.69314036041027,441.1518692274426,436.6834380187307,440.30859375,69936200
2023-11-21,439.2617361737396,440.18257120218567,438.0792041489343,439.3489685058594,49244600
2023-11-22,441.0064463302394,442.3634429416601,439.94992648347943,441.0451965332031,59394900
2023-11-24,441.0937026627971,441.51048921964684,440.7641484378246,441.3166198730469,29737400
2023-11-27,440.68655185927656,441.5007498020653,440.1340508901427,440.52178955078125,50506000
2023-11-28,440.13407696271906,442.25681906014256,439.57190319998205,440.9579772949219,62115000
2023-11-29,443.10979527762873,444.2438747206066,440.2504147680835,440.6477966308594,63146000
2023-11-30,441.4911150141487,442.73180192610516,439.41682540648986,442.3828430175781,79752700
2023-12-01,441.77213412924385,445.5329741995201,441.18088297834976,444.9998779296875,89183400
2023-12-04,441.6073596439847,445.0192407534645,440.38604801477265,442.66387939453125,72430900
2023-12-05,441.2778489374918,443.5362758597069,440.8998126034742,442.5766906738281,69793500
2023-12-06,444.718815610949,444.7478930540511,440.35702166378525,440.793212890625,69124700
2023-12-07,442.87718005735604,444.80605282503006,442.27622650644105,444.1566467285156,66995400
2023-12-08,443.4102939900714,446.59925845337557,443.167972091833,446.066162109375,83194400
2023-12-11,445.5717979195869,447.97564170163525,445.358553474564,447.8011474609375,65002200
2023-12-12,447.45220263628306,449.94327866221204,446.4538376737931,449.8463439941406,68327600
2023-12-13,450.22440701550494,456.30185945750105,449.86577532109465,456.0498352050781,93278000
2023-12-14,457.9883386207796,459.1805728813377,454.83815428105993,457.5133972167969,119026000
2023-12-15,456.9158196636758,458.0934340813363,454.9109942306135,456.7601013183594,141553700
2023-12-18,458.3659614924249,460.31239637628556,457.3051580447496,459.3294372558594,70375300
2023-12-19,459.8744590867912,462.2004631426164,459.7966147557437,462.1225891113281,55761800
2023-12-20,461.26613266046417,463.15417688283,455.2905929826461,455.71881103515625,102921000
2023-12-21,458.7065536605437,460.31238616429494,456.28325178797456,460.0398864746094,86667500
2023-12-22,461.16881437336167,462.64812393044707,459.06669078214355,460.9644470214844,67160400
2023-12-26,461.3732181207506,463.81597380070593,461.2953440901739,462.910888671875,55387000
2023-12-27,462.7064835048319,463.8938099220547,462.1712258143802,463.7478332519531,68000300
2023-12-28,464.1079178321579,464.75995685713684,463.5045277970175,463.9230041503906,77158100
2023-12-29,463.7283454487912,464.25389115635505,460.62377959337147,462.5799560546875,122283100
2024-01-02,459.5143439023402,460.9839117212058,457.8890577311239,459.9912109375,123623700
2024-01-03,457.83068032303305,458.570335093064,455.6312290704376,456.234619140625,103585900
2024-01-04,455.75768568069975,458.34644746704663,454.54116395968543,454.7650146484375,84232200
2024-01-05,454.9694333616534,457.8404368275673,453.9378252017517,455.387939453125,86118900
2024-01-08,455.8842127147601,462.0349537185437,455.7576897026201,461.88897705078125,74879100
2024-01-09,459.2320864754785,462.21012932199153,458.72602412321226,461.1882629394531,65931400
2024-01-10,461.4607624691406,464.6626560070687,461.17852110920177,463.7964782714844,67310600
2024-01-11,464.7989126874992,465.3147167416708,459.6116768106503,463.5921325683594,77940700
2024-01-12,465.04220480544996,465.7818595429952,462.502121615046,463.91326904296875,58026400
2024-01-16,462.53132242501596,463.8451421871986,460.39023221216354,462.21014404296875,85014900
2024-01-17,459.183486246918,460.12750840636863,457.28570024897624,459.6408996582031,68843900
2024-01-18,461.31477246365523,464.2830735453687,459.7673604180853,463.72833251953125,91856200
2024-01-19,464.857238788755,469.7914576424997,463.77698183865203,469.50921630859375,110834500
2024-01-22,471.0469524804882,472.2245371914283,469.8498844138423,470.501953125,75844900
2024-01-23,471.0469649925702,472.1174803762762,469.956966252641,471.8741760253906,49945300
2024-01-24,474.745184157241,475.6794645582401,471.8936642634199,472.3900146484375,81765000
2024-01-25,474.52132983790426,475.23178923650255,472.3900110425858,474.95928955078125,72525000
2024-01-26,474.53106799985125,476.02008943226616,473.5092016110277,474.35589599609375,76641600
2024-01-29,474.66734997690736,478.2585246858996,474.12235058965683,478.1125183105469,61322800
2024-01-30,477.4214974259143,478.45310543351826,476.9835377414516,477.74267578125,58618400
2024-01-31,475.533524505223,475.98119623389044,469.92778226707486,469.947265625,126011100
2024-02-01,471.65038103588824,476.1271872790658,470.8425939142762,476.0979919433594,91891600
2024-02-02,476.53591254829524,482.7644982110768,476.1952805049677,481.11004638671875,99228200
2024-02-05,480.47740850601684,481.13918916346887,477.10034317724995,479.3581848144531,75757100
2024-02-06,480.30229855776366,481.0808903919301,478.87166761898953,480.75,55918600
2024-02-07,482.9980918458816,485.17808940845316,482.0929770540646,484.7596130371094,70556500
2024-02-08,484.75955433109493,485.35320264177267,483.9420553441325,484.9736633300781,52343600
2024-02-09,485.4797418906366,488.21448028265473,485.1391098762786,487.77655029296875,63979400
2024-02-12,487.7473831666172,490.01496666720067,486.84226840178366,487.5624694824219,56502300
2024-02-13,481.28521924942925,483.776653518952,477.5772631803255,480.8472595214844,113099200
2024-02-14,483.4847151074999,485.70364975049426,481.1587110987094,485.217041015625,68387800
2024-02-15,485.91772783399097,488.74979405458623,485.4408311080291,488.56488037109375,61683000
2024-02-16,488.2632150838705,489.401862888149,485.3922116760664,486.1318664550781,75532900
2024-02-20,484.3898163747004,485.06133882722617,481.20740583464766,483.4555358886719,71736700
2024-02-21,482.15142520014626,484.0491814982397,480.3412252124708,483.8934631347656,59293400
2024-02-22,490.51128734031624,494.871282071389,489.54778196517503,493.9078063964844,76402500
2024-02-23,495.6303956264625,496.4673780025352,493.51853058146656,494.2484436035156,61321800
2024-02-26,494.6864234153272,495.12438315275733,492.3117704350963,492.43829345703125,50386700
2024-02-27,493.1292368818132,493.5769085410792,491.2314511932456,493.3530578613281,48854500
2024-02-28,491.7959655131677,493.2849870375032,491.4358798053579,492.7010803222656,56506600
2024-02-29,494.46257806109645,496.0878345083775,491.815425510208,494.4722900390625,83924800
2024-03-01,495.3482154895911,499.54275051356746,494.9394511031337,499.1145324707031,76844800
2024-03-04,498.31652584892447,500.42839094094944,498.28730081516426,498.5792541503906,49799300
2024-03-05,496.57450936840746,497.02221082212054,491.3872729351219,493.5964660644531,72855600
2024-03-06,496.87606559845455,498.3553748578381,494.80313776038287,496.0975036621094,68382400
2024-03-07,499.39680772832526,502.0731556685532,496.15597704493354,501.0220642089844,58652100
2024-03-08,501.6546849790431,504.3407152276024,497.4406368151398,498.01483154296875,86532500
2024-03-11,496.80801634913047,498.1705147342669,494.881035254285,497.5865783691406,62557200
2024-03-12,499.6985003866654,503.5232377514132,497.17784111143084,502.9393310546875,73114400
2024-03-13,503.26048317387085,503.43565519442245,500.7106580961506,502.1510009765625,55104100
2024-03-14,503.12418400270946,503.27993205507374,498.1121499011311,501.1583251953125,110171800
2024-03-15,498.0880174407595,499.5426370968139,496.0476768950372,497.717041015625,107646300
2024-03-18,501.78794751400085,503.2327653384656,500.26501371428566,500.6750183105469,88893300
2024-03-19,499.9819809876235,503.7404859733711,498.9764238973626,503.4573974609375,60755300
2024-03-20,503.5159556369905,508.2507017437704,502.8423468084039,508.114013671875,69594600
2024-03-21,510.9550035818572,511.65786879307296,509.51012578372485,509.79327392578125,60256100
2024-03-22,509.7053025616341,510.19342318455074,508.59237324097523,508.82672119140625,79070800
2024-03-25,507.45018520809214,508.57288646937474,507.26469698888116,507.4209289550781,48512100
2024-03-26,508.84619067556724,509.1879108526766,506.0834709315648,506.48370361328125,65463700
2024-03-27,509.31483823022427,510.7792000886694,507.1475516955064,510.7401123046875,82999800
2024-03-28,510.77917463931885,512.1458765547503,510.35939807768415,510.6424865722656,96294900
2024-04-01,511.38451632490194,511.9214371433278,508.5924208160107,509.754150390625,62477500
2024-04-02,505.9272809933223,506.6496900205949,504.20908677438206,506.5130615234375,74230300
2024-04-03,505.41951660317136,508.57281589215825,505.3707164648958,507.0693664550781,59155800
2024-04-04,511.08179809560863,511.42345867223884,500.5774335376575,500.88006591796875,96858100
2024-04-05,502.23711314886503,508.0750169684766,501.7977926534172,506.1127624511719,74546500
2024-04-08,506.8156796872345,507.8211772121714,505.58560615213537,506.3958435058594,48401800
2024-04-09,508.13352480372953,508.3775850942212,502.12961782362083,506.9815673828125,68049200
2024-04-10,501.2803731405352,503.8966927238286,499.92344299249396,501.9051818847656,82652800
2024-04-11,503.4280454371211,507.1377500106354,499.9136010169566,505.69293212890625,70099000
2024-04-12,502.1492186619509,503.5647804243456,496.98489398756476,498.7128601074219,92561100
2024-04-15,502.8911540643935,503.05709839116423,491.61554988176164,492.46490478515625,92101400
2024-04-16,492.94324564322153,494.4661795680653,490.27809637848605,491.5667419433594,73484000
2024-04-17,494.0268893119992,494.1928634388067,487.2615443714678,488.6575622558594,75910300
2024-04-18,490.0535829309475,492.15249561510325,486.71482481856754,487.6520080566406,74548100
2024-04-19,487.57394131853926,488.56969668668467,482.1264983587833,483.3956298828125,102212600
2024-04-22,486.00221013520326,490.4441260798556,483.65923689240304,487.8473205566406,67961000
2024-04-23,489.8583644626642,494.0659621350047,487.66182151013055,493.63641357421875,64633600
2024-04-24,494.5247405147149,495.3154935043147,491.17624034467946,493.4020690917969,55928100
2024-04-25,487.3200821932215,492.28914639879576,485.6702321576898,491.5276794433594,69122400
2024-04-26,494.31982365041347,497.7659544947597,493.68527271842765,496.1844482421875,64306100
2024-04-29,497.9709364388238,498.61525929171887,495.19841463675846,497.941650390625,46415400
2024-04-30,496.4772740416634,497.45351534342734,490.0536193847656,490.0536193847656,77483600
2024-05-01,489.46786865773555,496.11606953951656,487.9937347584278,488.46234130859375,80242800
2024-05-02,492.1720003799534,493.8706803453591,487.6812848525579,493.0310974121094,62550200
2024-05-03,499.01547889074567,500.372438730604,496.47724569258963,499.14239501953125,72756700
2024-05-06,501.54389828336633,504.3359337135483,501.10457784231613,504.2969055175781,47264700
2024-05-07,505.2633370942841,506.2493501306176,504.17972378278057,504.85333251953125,52561300
2024-05-08,503.018113594187,505.439173007877,502.90096940223697,504.9022521972656,42047200
2024-05-09,505.087770400338,507.8505501920074,504.43370535896906,507.81146240234375,43643700
2024-05-10,509.4125016902763,510.2227987029079,507.2452744718461,508.465576171875,52233200
2024-05-13,510.14454356251383,510.25191578241885,507.39153652795756,508.5337219238281,36716400
2024-05-14,508.7290945781237,511.3845019246286,508.19217377481715,510.8670654296875,57535900
2024-05-15,513.336889820599,517.4859146210695,512.7023092523975,517.1930541992188,59504900
2024-05-16,517.290757880065,518.891807952925,515.9825682875961,516.1290283203125,50244800
2024-05-17,516.2461019816988,516.9392546781255,514.7915121402848,516.8709106445312,59187600
2024-05-20,516.9881429675341,518.9308537358257,516.5976225904213,517.4664916992188,37764200
2024-05-21,516.7049957755823,518.8917666350982,516.4999636631139,518.7355346679688,33437000
2024-05-22,518.0424072439434,518.7550442398426,515.064823969773,517.2418823242188,48390000
2024-05-23,520.2975559093766,520.4049281460258,512.2532779910508,513.4638671875,57211200
2024-05-24,515.3089561408403,517.6715030328614,514.3620306627067,516.8612060546875,41291100
2024-05-28,517.6714434796838,517.9057318355667,514.5864879004678,517.2223510742188,36269600
2024-05-29,513.1904592530791,514.7817371522767,512.8878268689698,513.6004638671875,45190300
2024-05-30,512.0581051762924,512.7219421093527,508.9438930493387,510.1934509277344,46377600
2024-05-31,511.15011057316815,514.967187107586,506.04432903435765,514.8402709960938,90785800
2024-06-03,516.4511771729021,516.7342656913833,510.18366530067414,515.2601318359375,46835700
2024-06-04,513.9520429838191,516.578134600827,512.4876809576447,515.836181640625,34632700
2024-06-05,518.1596136281009,521.9864628385163,516.1680432425981,521.9669189453125,47610400
2024-06-06,522.2694966184689,522.6990451286446,520.0241537818829,521.9570922851562,30808500
2024-06-07,520.980789635887,524.1340888487662,519.8874043907796,521.322509765625,43224500
2024-06-10,520.5122904328304,523.255525898201,519.916797584573,522.933349609375,35686100
2024-06-11,521.3811694677967,524.2513211148034,519.4091430834137,524.1927490234375,36383400
2024-06-12,528.7615289974312,531.1923600659605,527.4631115100716,528.4979248046875,63251300
2024-06-13,530.2454535391702,530.4211698122318,526.7700371068663,529.5620727539062,44760900
2024-06-14,528.0294558754849,529.9135946368305,527.0238986275654,529.8843383789062,40089900
2024-06-17,529.2008114818414,535.49757872361,528.7419471638832,534.1015014648438,55839500
2024-06-18,534.16013957423,535.585473259027,533.7403629842298,535.4585571289062,41376400
2024-06-20,536.3859370269113,537.0497738552268,532.2271402161125,534.00390625,70328200
2024-06-21,533.180428320516,534.4046669419561,531.8288641002639,533.2881469726562,64338600
2024-06-24,533.1117619254674,535.6777608035513,531.4369822915095,531.5545043945312,45528700
2024-06-25,532.7787868983022,533.9638712753774,531.2607431275164,533.6015014648438,37936200
2024-06-26,532.4848968900385,534.9823310545671,531.8385253727439,534.2673950195312,38550600
2024-06-27,534.1303504208262,535.6876080791019,533.3860038559784,535.1097412109375,35041500
2024-06-28,535.8833782760337,538.9391321933387,531.7601817698417,533.0039672851562,76144500
2024-07-01,534.3848928648134,534.6297405125247,531.339002473828,534.1008911132812,40297800
2024-07-02,532.4946896868087,537.6952514648438,532.4457321114778,537.6952514648438,40434800
2024-07-03,537.3818563773293,540.457157354787,537.3427022712717,540.0947875976562,32789900
2024-07-05,540.3984429341523,543.6108134486142,539.7618150479054,543.2092895507812,41488400
2024-07-08,543.9927357696513,544.7860397915607,542.7684974779849,543.8360595703125,36110500
2024-07-09,544.795863484972,545.6968861634513,544.0711239537649,544.3649291992188,27289700
2024-07-10,545.5891159264746,550.0942886699685,545.2953107088132,549.7515258789062,38701200
2024-07-11,549.8690906630567,550.7407626908513,544.3747234457534,545.0112915039062,53054200
2024-07-12,546.1376269625789,552.0531251206323,545.667538567234,548.448974609375,53084400
2024-07-15,550.4469096394806,553.1989947445371,548.0963483653211,549.9572143554688,40584300
2024-07-16,551.2696499606263,553.5124331903285,550.51549997726,553.2186279296875,36475300
2024-07-17,547.2835053633577,548.9582849622979,545.1386373621594,545.4618530273438,57119000
2024-07-18,546.9994907975359,547.9886849352189,539.0859974733345,541.27001953125,56270400
2024-07-19,541.0349619096787,542.6607838512468,536.6179005483158,537.6756591796875,65509100
2024-07-22,541.6030366708314,543.826272604696,539.6638622867013,543.2190551757812,43346700
2024-07-23,543.111291105197,545.2659625762393,541.8773090500791,542.3670043945312,34439600
2024-07-24,537.5483166712224,537.8519253696913,529.1549319575545,530.0755615234375,74515300
2024-07-25,530.1931317534066,536.177254363603,526.3735438881854,527.313720703125,61158300
2024-07-26,531.1039639898098,535.9127455404142,530.3302071573028,533.2194213867188,53763800
2024-07-29,534.7669398202207,535.7756811771844,531.5349026238763,533.5328979492188,39515800
2024-07-30,535.0019870020752,536.059745722708,527.4215123549488,530.8297729492188,46853600
2024-07-31,537.6658891932146,542.0927543010554,536.2947780748914,539.4581909179688,65663400
2024-08-01,541.1818806021787,543.4344670666311,528.3126735436618,531.8189086914062,76428700
2024-08-02,524.7085981454201,525.9230331199286,517.7059303208597,521.9173583984375,82789100
2024-08-05,501.0954700551791,512.7893973566776,499.75367969518885,506.7171630859375,146267400
2024-08-06,508.51921810050686,518.8322310175004,507.19706454680966,511.3888854980469,84826300
2024-08-07,517.5785847252098,520.63433876445,507.3733501679388,507.97076416015625,70698300
2024-08-08,513.1126009988247,520.3405097902447,511.08531467340157,519.7137451171875,63276600
2024-08-09,518.8909769209239,523.4941251002426,517.6667385635127,522.0054321289062,45619600
2024-08-12,523.2003538167259,524.6889871074426,520.0075304089534,522.2797241210938,42542100
2024-08-13,525.4725645280489,531.1040615199245,525.2277168327499,530.8689575195312,52333100
2024-08-14,531.6622256176499,533.728785456597,528.9885080949739,532.543701171875,42446900
2024-08-15,538.1752594686596,541.9556937145602,537.5680419380651,541.6716918945312,60846800
2024-08-16,540.0556546584454,543.5814973816967,539.8989784334714,542.8861083984375,44430700
2024-08-19,543.2974116195307,548.0768432617188,542.4453464492109,548.0768432617188,39121800
2024-08-20,547.6263456901657,549.2815184001456,545.8438474042439,547.1856079101562,33732300
2024-08-21,548.2335818085938,550.5253226989936,543.2974141481618,549.0660400390625,41514600
2024-08-22,550.9660160166799,551.5732334533072,543.5422179587766,544.7566528320312,56121500
2024-08-23,547.998590612835,551.4852196453214,545.8047048974495,550.5449829101562,50639400
2024-08-26,551.5733022984582,552.2882384520825,547.5284135216066,549.2325439453125,35788600
2024-08-27,547.9592873998898,550.476328645617,546.8134170306081,549.9866333007812,32693900
2024-08-28,549.6438223396717,550.0747565964821,543.6009392739261,546.7937622070312,41066000
2024-08-29,548.7623394799141,552.0628809883677,545.6968421488655,546.8427124023438,38715200
2024-08-30,549.212926690368,552.5722295246512,545.657733766081,552.0629272460938,62700100
2024-09-03,548.9191927129024,549.2522119231385,538.1851066343386,540.7021484375,60600100
2024-09-04,538.8607329114091,543.0035361193702,538.1359934145067,539.5952758789062,47224900
2024-09-05,539.5365467142444,542.3865472945482,535.8246177750381,538.2828979492188,44264300
2024-09-06,538.6061519080256,540.2319142524223,528.3225490242058,529.2235717773438,68493800
2024-09-09,533.4251264283236,536.4220593419303,531.495695817922,535.1488037109375,40445800
2024-09-10,537.0586665381934,537.8324234437913,532.1813200114981,537.4797973632812,36394600
2024-09-11,537.3917487162622,543.9144652005341,528.8318826121556,542.9938354492188,75248600
2024-09-12,543.5716957640475,547.87123570908,541.348459526308,547.567626953125,51819600
2024-09-13,548.1748423305235,551.4264269369157,547.9201911599521,550.4274291992188,39310500
2024-09-16,550.1629297590999,551.5046902542234,548.360884321784,551.2402954101562,36656100
2024-09-17,553.4536471249235,554.9031859740162,549.2324757022386,551.4655151367188,49321000
2024-09-18,552.1216967889254,556.9696926491016,549.2716961893568,549.8299560546875,59044900
2024-09-19,559.2418737919741,561.0733295553275,556.3722663136862,559.2124633789062,75315500
2024-09-20,557.8430941207945,559.2871857073619,555.2200568119598,558.245849609375,77503100
2024-09-23,559.3166610051752,560.2892222272916,558.0984411315784,559.6408081054688,44116900
2024-09-24,560.4365555490466,561.3010677532865,557.6072537825559,561.2421264648438,46805700
2024-09-25,561.0850037974096,561.8217999280521,558.8942225290759,560.0043334960938,38428600
2024-09-26,564.2678851150425,564.5920921622151,559.866775948692,562.2244873046875,48336000
2024-09-27,563.2954210502361,564.1107656382737,560.3776770438751,561.4091796875,42100900
2024-09-30,560.3776493545987,564.2679545173111,558.0788790007499,563.6588745117188,63557400
2024-10-01,563.3051897855821,563.9535439565005,556.035444442894,558.6093139648438,72668800
2024-10-02,557.7153138155387,559.8667605957481,555.3182683616095,558.8450317382812,38097800
2024-10-03,557.3713801254914,559.7684253232303,555.5343070392588,557.8233032226562,40846500
2024-10-04,562.273664576873,563.2658929623027,558.09848649286,562.892578125,42939100
2024-10-07,561.242031051746,561.8904450750028,556.6542649927998,557.8036499023438,49964700
2024-10-08,560.3775771285751,563.6784689445017,559.5032914013763,563.0791625976562,37398700
2024-10-09,563.0693978961492,567.5393423690588,562.4701514366566,566.9793701171875,37912200
2024-10-10,565.6334738441669,567.4116060358193,564.3759797176003,565.9871215820312,44138100
2024-10-11,565.9085213296812,570.1131999200273,565.7709716649979,569.3764038085938,42268000
2024-10-14,570.9873775872582,574.9661238038994,570.5060138126606,574.0328369140625,36217200
2024-10-15,574.2981309420833,574.6026708937048,568.3545951743074,569.5728149414062,54203600
2024-10-16,569.57286786976,572.5691599226542,568.767296964022,572.0484619140625,30725400
2024-10-17,575.5948569414992,575.8011814159861,571.9108767867559,572.0975341796875,34393700
2024-10-18,573.7872313147403,575.0839994048337,572.3234729286785,574.298095703125,37416800
2024-10-21,573.5711395635755,574.5535342943244,570.378356688641,573.3550415039062,36439000
2024-10-22,570.8204209471064,574.2096946097226,570.1622332957213,573.0504760742188,34183800
2024-10-23,571.0267196890029,571.4688092704015,564.3071139493308,567.8142700195312,49314600
2024-10-24,569.7693209618997,569.8479293354313,566.4193810527883,569.0423583984375,34979900
2024-10-25,571.2724939588697,574.1705710382292,567.9028864933955,568.845947265625,47268200
2024-10-28,572.3235609618828,572.4512770786239,570.299830137409,570.6043701171875,30174700
2024-10-29,569.6415908764491,572.6477165136779,568.2466070737139,571.52783203125,42899700
2024-10-30,571.0561399731351,573.0504298080293,569.0913507575665,569.7987060546875,41435800
2024-10-31,565.4270604157058,565.4958352362431,558.4324153285519,558.62890625,60182500
2024-11-01,561.2617325907157,565.4172428761593,560.5740443264921,560.9866333007812,45667500
2024-11-04,561.1242574334378,562.4210257711015,557.8922001113365,559.7783813476562,38217000
2024-11-05,560.6919638738422,566.586332309216,560.4758658123077,566.5470581054688,39478300
2024-11-06,578.8270705681771,581.5089893813079,575.0841485043231,580.6346435546875,68182000
2024-11-07,582.6387178727699,586.145874462509,582.5601095007273,585.1241455078125,47233200
2024-11-08,585.6742957423695,589.0832369047557,585.6742957423695,587.6587524414062,46444900
2024-11-11,589.2501914582232,589.6038391769904,586.4896646144927,588.2186889648438,37586800
2024-11-12,588.1400498376755,588.739296212128,583.9059310932324,586.3914184570312,43006100
2024-11-13,586.8531544283672,588.6803942959151,584.4856094336134,586.6763305664062,47388600
2024-11-14,586.804069200042,587.2854330583992,582.2163022724781,582.9039306640625,38904100
2024-11-15,579.3378226480269,579.8094129170865,573.5810036102117,575.437744140625,75988800
2024-11-18,575.8993966406199,579.1118465214918,575.0349444617987,577.7954711914062,37001700
2024-11-19,574.4160398519082,580.6345552744816,573.7480186357969,579.9075927734375,49412000
2024-11-20,579.9862433981077,580.3889988810581,574.3374733314436,580.1041259765625,50032600
2024-11-21,582.9531169226577,584.6428072515256,577.1078556838472,583.2183227539062,46750300
2024-11-22,583.2084735757152,585.654687007179,582.7075025920674,585.0259399414062,38226400
2024-11-25,588.9653319760873,590.281707390563,584.7213793724078,587.0103759765625,42441400
2024-11-26,588.2579123147351,590.7433995936517,587.540783398016,590.0753784179688,45621300
2024-11-27,589.8887226529953,590.2718110026187,586.7647148108081,588.2874145507812,34000200
2024-11-29,589.1027595534448,592.7277982726248,588.827720226239,591.94189453125,30177400
2024-12-02,592.3544546258752,593.680723337865,591.8632573163846,593.0028686523438,31746000
2024-12-03,592.7672106157903,593.5236138358292,591.73570807165,593.2780151367188,26906600
2024-12-04,594.9677449089698,597.2075737883222,594.2997236656325,596.9619750976562,42787600
2024-12-05,596.961947940629,597.7675188046404,595.6259055147337,595.9795532226562,28762200
2024-12-06,596.7458327264936,598.3471408675985,596.3332437457798,597.1093139648438,31241500
2024-12-09,596.9915028268559,597.1584931551176,593.445071963169,594.0344848632812,34742700
2024-12-10,594.7123228135097,595.134745373381,591.529373321926,592.1875610351562,37234500
2024-12-11,595.1150870375847,597.7183970026139,594.8399877419274,596.7655029296875,28677700
2024-12-12,595.9010621562538,596.4708079758578,593.690673828125,593.690673828125,31543800
2024-12-13,595.7242008087076,596.4413297893211,592.1973772710232,593.57275390625,35904700
2024-12-16,595.3311685679445,597.0798598573732,594.5550983663578,596.1072387695312,43695200
2024-12-17,593.553151685944,594.5158794594372,592.2760503625989,593.6513671875,55773500
2024-12-18,593.3467745348553,595.7339866328443,575.5752867073982,575.9584350585938,108248700
2024-12-19,580.9490228826561,582.5601648792804,575.5360174904994,575.7816162109375,85919500
2024-12-20,573.4513839180992,587.231466902458,572.6036351958548,582.697265625,125716700
2024-12-23,582.4410536479828,586.7879698949739,579.257197549177,586.1867065429688,57635800
2024-12-24,587.5370230202848,592.7415539521577,586.9554328723399,592.7020874023438,33160100
2024-12-26,590.9277996479015,593.8651696252028,589.5281209545966,592.7415161132812,41219100
2024-12-27,588.9958066290322,589.2324254266508,582.31278453499,586.5020141601562,64969300
2024-12-30,579.4839659814963,583.2788920150762,576.0536844624783,579.8092041015625,56578800
